firstName;lastName;
Tiisetso;Mndebele;
Sthembiso;Mtsweni;
Sifiso;Boesak;
Sabelo;October;
Simangele;Hermanus;
Yamkela;Nel;
Xolani;Jenniker;
Sameera;Tambo;
Mamello;Do Reyes;
Hulisani;Pretorius;
Mafatle;Dyasi;
Aarav;Chonco;
Raymond;Mbambo;
Denise;Kamau;
Dineo;Mohlala;
Ishmael;Montsho;
Jeremiah;Rikhotso;
Colleen;Mbanjwa;
Moyahabo;Pienaar;
Wilma;Desai;
Anathi;Gericke;
Anika;Maree;
Leorah;April;
Amo;Fritz;
Sue;Kula;
John;Schultz;
Baholo;Brutus;
Ayabulela;Mboweni;
Oswin;Marshoff;
Buhle;Skosana;
Emile;Naicker;
Bethuel;Amad;
Caleb;Sitole;
Lynette;Moonsamy;
Donald;Cilliers;
Dina;Steenbok;
Botle;Vaaltyn;
Bonakele;Human;
Kevin;Chiloane;
Tsweu;Pelser;
Nizaam;Lorgat;
Janet;Dawson;
Pops;Zuma;
Kgethang;Fourie;
Yasmin;Munyai;
Tony;Thabede;
Dintle;Sebola;
Tsakani;Young;
Nomsa;Bhule;
Gretchen;Skweyiya;
Dennis;Strydom;
Elsie;Matjila;
Kaneez;White;
Tintswalo;Mackenzie;
Mfana;Mahlobo;
Khothatso;Moerat;
Zinhle;De Waal;
Ngaire;Makgoba;
Juanita;Masekela;
Mihlali;Saaiman;
Henco;Govender;
Rethabile;Lupondo;
Vincent;Marole;
Edith;Okeke;
Gizella;Moroka;
Leigh;Phetla;
Doris;Fataar;
Tatenda;Restrepo;
Gerrit;Moatshe;
Lunga;Maharaj;
Zakhele;Goba;
Sonja;Sindane;
Clinton;Sayed;
Ofentse;Mokwena;
Olerato;Mokhele;
Mark;Murray;
Vuyokazi;Fakude;
Lucia;De Klerk;
Irene;Michaels;
Khazamula;Losper;
Butana;Msiza;
Bontle;Lamani;
Johlene;De Lille;
Thebe;Madlala;
Aarti;Xaba;
Imraan;Shelembe;
Goodman;Gordhan;
Emihle;Cornelius;
Francina;Verwey;
Gugulethu;Simelane;
Luyanda;Mulaudzi;
Galil;Khomo;
Lily;Delport;
Maureen;Tiemie;
Rene;Masimula;
Mmabatho;Msomi;
Hans;Silinda;
Taliep;Kgaphola;
Pumza;Moolman;
Janine;Kook;
Magdalena;Byneveldt;
Sheila;Gerber;
Katlego;Lentjies;
Dayaan;Gqamana;
Gabisile;Mphela;
Palesa;Saunders;
Zarina;Diaz;
Minenhle;Kallie;
Zinzi;Strauss;
Bevan;Goeda;
Simphiwe;Moyo;
Clayton;Cupido;
Farai;Buys;
Bianca;Fouche;
Margaret;Theron;
Don;Bhamjee;
Ayanda;Motaung;
Jan;Adriaanse;
Lesedi;De Jongh;
Gcina;Foster;
Winnie;Mwila;
Lefa;Shozi;
Sydney;Kunene;
Bolla;Gamede;
Harry;Dladla;
Linomtha;Nyembe;
Dikotsi;Chohan;
Senzo;Mtshweni;
Felicity;Scheepers;
Hanef;Mavuso;
Candice;Du Toit;
Anjali;Moses;
Poloko;Maduna;
Lynn;Koopman;
Tanya;Tshwete;
Basetsana;Heyns;
Donna;Alborough;
Abel;Ndala;
Nancy;Mentoor;
Bongani;Manamela;
Hashim;Khanyile;
Nkululeko;Matsepe;
Kotsi;Malope;
Tshifhiwa;Jacobs;
Lindiwe;Mensah;
Shadrack;Bangani;
Betty;Monareng;
Wiseman;Nyathi;
Dimakatso;Zitha;
Mcebisi;Abara;
Alan;Mhlungu;
Alviro;Fortuin;
Anele;Patel;
Theodore;Lekota;
Maggie;Noah;
Fikile;Qwabe;
Setene;Ndamane;
Unathi;Rabie;
Tawfeeq;Henning;
Nomonde;Memela;
Hilda;Noemdo;
Kent;Melane;
Dullah;Mkansi;
Colin;Gcabashe;
Agnes;Mdhluli;
Kimi;Meyer;
Randall;Nair;
Steven;Prinsloo;
Sizani;Lee;
Zama;Mdladla;
Godfrey;Minnaar;
Gloria;Blignaut;
Alwyn;Nhleko;
Amelia;Mhlaba;
Ivan;Hertzog;
Prudence;Motsepe;
Dawid;Mfayela;
Kaya;Machaba;
Keith;Sauls;
Mmatli;Magwaza;
Gillian;Mpofu;
Fiona;Bakkes;
Kananelo;Matiwane;
Likotsi;Mafora;
Dorothy;Kolbe;
Erald;Ngema;
Tlali;Gcwabaza;
Lucky;Nnadi;
Remofilwe;Haskins;
Ellie;Banda;
Mieke;Luter;
Jody;Roux;
Arjun;Adcock;
Granwald;Jantjies;
Karabo;Erasmus;
Realeboha;Simons;
Mncedisi;Skippers;
Elias;Zungu;
Evelyn;Abdullah;
Zainab;Sadie;
Audrey;Gomez;
Aubrey;Mngadi;
Katrina;Thring;
Tariro;Dadoo;
Dithole;Theuns;
Oscar;Neethling;
Liziwe;McBride;
Friedrich;Gopie;
Nandipha;Benjamin;
Sivuyile;Bosman;
Tumelo;Hlengwa;
Chrizanne;Kubeka;
Alfred;Malema;
Zoe;Jas;
Amohelang;Morkel;
Sanjay;Duminy;
Lilian;Vava;
Amani;Truter;
Oratile;Soldaat;
Celeste;Zikhali;
Naledi;Mthimunye;
Angelique;Parker;
Elton;Anthony;
Geraldine;Stazie;
Breyton;Mbili;
Innocent;Myeni;
Velaphi;Marx;
Nku;Ferreira;
Heather;Mphahlele;
Rajesh;Baleni;
Keromang;Vyncke;
Kagiso;Mayekiso;
Sakiena;Kirchner;
Hester;Chauke;
Rorisang;Baartman;
Aaron;Surty;
Vhutshilo;McKenzie;
Dawn;Makeba;
Promise;Garcia;
Nonceba;Wilson;
Kganya;Jabavu;
Desiree;Burton;
Zak;Hugo;
Alpheus;Nzama;
Aphiwe;Dlomo;
Ndumiso;Ndlovu;
Juarno;Osman;
Monde;Kiewiets;
Beverley;Kloppers;
Donovan;Crowie;
Cobus;Madonsela;
Pinkie;Mantashe;
Yvonne;Wood;
Jade;Mchunu;
Justin;Rooi;
Luwellyn;Rensburg;
Catharina;Sibeko;
Lyle;Clarke;
Gershwill;Mntungwa;
Izgak;Nananana;
Andries;Mothiba;
Ntombi;Esau;
Ayakha;Selowa;
Sibongile;Naidoo;
Mary;Robinson;
Beuran;Kriek;
Fhatuwani;Zadzisai;
Lusanda;Barnard;
Rohan;Otto;
Tyla;Grobler;
Ncamisile;Gool;
Sanele;Mdingi;
Seretse;Britz;
Matome;Scott;
Malcolm;Nemeth;
Mpumelelo;Joemat;
Elgeno;Biko;
Cecilia;Pahad;
Sinovuyo;Naude;
Mzwandile;January;
Zandile;Watson;
Nthabi;Maphosa;
Humbulani;Mogorosi;
Kedibone;Schalkwyk;
Nkwenyane;Abrahams;
Noel;Santon;
Fredine;Boikanyo;
Mmapula;Pilusa;
Dipuo;February;
Belinda;Msimanga;
Derrick;Nkomo;
Letswalo;Bosch;
Bayanda;Domingo;
Jamy;Burger;
Skhumbuzo;Simmons;
Danny;Ngcobo;
Eunice;Speelman;
Liam;Boshoff;
Njabulo;Mongwe;
Mamokete;Asvat;
Mapula;Kotze;
Zakeeya;Sigcawu;
Sharome;Mzizi;
Pierre;Horn;
Brenda;Lebakeng;
Paseka;Rhoda;
Elaine;Sambo;
Fezeka;Drenth;
Patience;Oranje;
Hanna;Phiri;
Vernon;Camealio;
Tlotliso;Ntuli;
Lereko;Kekana;
Damian;Parnell;
Sinazo;Jones;
Judith;Yacoob;
Leonie;McCarthy;
Yolanda;August;
Sicelo;Bapela;
Phenyo;Effendi;
Joel;Mzobe;
Boitumelo;Mahomed;
Alaric;Shoba;
Ephraim;Duarte;
Daine;Kathrada;
Sinegugu;Muller;
Aphelele;Bhengu;
Mishqah;Mngoma;
Thapelo;Mlotshwa;
Jaivyn;Walsh;
Zenani;Hlongwane;
Kwena;Cachalia;
Cedric;Ngalo;
Tamaryn;Kemp;
Daylin;Gray;
Viwe;Khojane;
Risimati;Mogapi;
Ernest;Gwamanda;
Nondumiso;Maja;
Eric;Bopape;
Tebello;Ngidi;
Imka;Kuiper;
Livhuwani;Zaugg;
Ndivhuwo;Kwinda;
Penelope;Mitchell;
Bheki;Lourens;
Allister;Ngoepe;
Siziwe;Pistorius;
Tseko;Zondo;
Shamima;Maponya;
Dane;Shaltiel;
Khadija;Phungula;
Zoleka;Manzini;
Bryan;Hesom;
Zethu;Ismail;
Moipone;Olifant;
Nomhle;Ubisi;
Ivy;Doutie;
Lizzy;Gounden;
Doreen;Khamoqane;
Akani;Khumalo;
Benni;Nkala;
Nicolette;Mxenge;
Erwin;Dlungwana;
Rozena;Achmat;
Precious;Ramulifho;
Duwayne;Lambert;
Kaylin;Hill;
Mokete;Conradie;
Brian;Taibosh;
Rhulani;Ebrahim;
Devon;Josias;
Tina;Grootboom;
Iminathi;Kheswa;
Elna;Wynand;
Beatrice;Zikalala;
Zukile;Jansen;
Lwazi;Tlhapi;
Calvin;Thato;
Suzan;De Bruyn;
Puseletso;Hlophe;
Ricardo;Primus;
Resego;Msibi;
Donita;Nkosi;
Izak;Bhikha;
Alida;Lubbe;
Nozibele;Katza;
Lubanzi;Mandela;
Enzokuhle;Ndwandwe;
Elvis;Deedat;
Mzukisi;Roets;
Phumeza;Lockey;
Herschel;Isaacs;
Brilliant;Cassiem;
Heidi;Booi;
Lwandle;Ackerman;
Doctor;Jele;
Phineas;Stoffels;
Rebecca;Radebe;
Travis;Laubscher;
Arthur;Lombard;
Tlholo;Apolles;
Nothando;Dludla;
Buyisile;Gouws;
Debbie;Snyders;
Ashwell;Smuts;
Jason;Khosa;
Crystal;Hendricks;
Alicia;Maart;
Werner;Tladi;
Omphile;Phalane;
Akhona;Moosa;
Andile;Wolmarans;
Edwin;Fisher;
Clyde;Biyela;
Geoff;Mamabolo;
Ricky;Degenaar;
Sebenzile;McClure;
Solly;Mostert;
Lydia;Pandor;
Florah;Matabane;
Neil;Haarhoff;
Fatima;Du Bruyn;
Sbongile;Nashua;
Enver;Da Silva;
Mia;Gumede;
Buang;Olyn;
Noxolo;Moeng;
Annette;Sandile;
Ingrid;Jonker;
Kekeletso;Okusanya;
Zanokuhle;Botes;
Roscoe;Capito;
Gezani;Ruiters;
Sizwe;Mbuzi;
Ottniel;Ntanzi;
Daan;Swartbooi;
Queen;Ntwane;
Ashley;Shongwe;
Krom;Xolo;
Neville;Sipoyo;
Heinrich;Tembo;
Bernard;Mbedzi;
Meryl;Lamoer;
Salmaan;Smit;
Ashton;Lottering;
Maxwell;Uys;
Keletso;Wolhuter;
Lennit;Verdoorn;
Tendai;Mtembu;
Molise;Gasa;
Nelly;Hoosen;
Horatio;George;
Dirk;Taylor;
Nkazimulo;Richards;
Kiara;Graham;
Carmen;Lucas;
Sehloho;Steytler;
Kamva;Wentzel;
Bonisiwe;Baker;
Cole;Petersen;
Vasco;Ndlela;
Mfundo;Coreejes;
Alton;Shabalala;
Suzette;Mzamane;
Cynthia;Sikhosana;
Liboko;Kock;
Avhashoni;Frosler;
Dikeledi;Chetty;
Lulamile;Little;
Nkoenyane;Kotton;
Lefu;Llewellyn;
Tashreeq;Nsibande;
Jessie;Molapo;
Ursula;Rossouw;
Duncan;Mtolo;
Tinyiko;Baiotto;
Nokubonga;Greyling;
Bulelwa;Adebisi;
Gertruida;Brand;
Nthofeela;Nyalungu;
Dean;Basson;
Mxolisi;September;
Roy;Vena;
Obakeng;Mlangeni;
Ignatius;Moleko;
Lorraine;Greeff;
Meshack;Gabela;
Tandi;Makhatini;
Nokwazi;Goosen;
Toslee;Kleynhans;
Fawzia;Majiedt;
Odirile;Abimbola;
Nomfundo;Mgwenya;
Faldela;Louw;
Banele;Buckley;
Amahle;Mosia;
Philemon;Blom;
Norah;Morapedi;
Vinette;Ewers;
Amina;Draai;
Kiran;Lushaba;
Lekhotla;Mampuru;
Zuri;Mtetwa;
Chantal;Bankole;
Lethabo;Villon;
Zara;Mdunge;
Willie;Yako;
Refentse;Mbhele;
Sonto;Golding;
Alunamda;Fillies;
Micaela;Shandu;
Ncumisa;Herbst;
Leah;Abebe;
Zwelakhe;Ditshego;
Mavis;Maimela;
Gladys;Le Roux;
Meisie;Duffey;
Kagontle;Edson;
Blondie;Hartze;
Nobuhle;Matlala;
Nko;Samuels;
Annika;Mbokazi;
Riaad;Frenchman;
Tsehla;Mojela;
Blair;Moagi;
Sisipho;Hadebe;
Amos;Nombeko;
Chloe;Thobela;
Gomolemo;Nyoka;
Musa;Masuku;
Xolisa;Maine;
Ghishma;Mgidi;
Ntswaki;Plato;
Joe;Mamba;
Onalenna;Bartlett;
Tshepo;Sibanda;
Omaatla;Chidubem;
Jacqi;Magagula;
Asemahle;Suleman;
Marawaan;Ahmed;
Lisa;Afrika;
Ayo;Olivier;
Haroon;Hattingh;
Riana;Davids;
Tefo;Mayisela;
Zola;Johannes;
Yanga;Koekemoer;
Emma;Alberts;
Aisha;Ras;
Sbusiso;Odili;
Thembi;Nkwanyana;
Ruth;Rockman;
Luan;Campbell;
Kavita;Kubheka;
Ian;Abed;
Sphiwe;Msane;
Sylvia;Chapman;
Pheello;Ncube;
Rivaldo;Malatjie;
Portia;Sello;
Lesiba;Lubisi;
Fadlu;Paulse;
Clifford;Cloete;
Maite;Khuzwayo;
Piti;Cwele;
Robyn;Ndhlovu;
Ziyanda;Moore;
Lewatle;Appollis;
Priya;Cronje;
Mnqobi;Shaikh;
Warona;Slabbert;
Sarah;Adams;
Seronda;Mawela;
Lingomso;Ndungane;
Sphesihle;McKaiser;
Teboho;Mpanza;
Nolene;Bruce;
Letlotlo;Loots;
Diboko;Wright;
Bjorn;Miseroole;
Disebo;Mzolo;
Fadiel;Amla;
Gabriel;Surka;
Raven;Mncube;
Luvuyo;Hoffman;
Zimasa;Petrus;
Kim;Matuludi;
Iris;Musi;
Warrick;Max;
Bohlokoa;Snyman;
Lihle;Mlambo;
Reagan;Borman;
Mbuso;Nala;
Tania;Mudau;
Raisibe;Mkwanazi;
Gadija;Gamildien;
Boy;Schmidt;
Ann;Mbele;
Makoma;Constable;
Thokozile;Lawrence;
Clive;Ngubane;
Diana;Nkambule;
Deliwe;Fernandez;
Mbongeni;Verster;
Austin;Komane;
Danleigh;Stuurman;
Olga;Maluleke;
Kemit;Taljaard;
Monica;Esack;
Oatile;Thusi;
Shaun;Schippers;
Itumeleng;Tau;
Fana;Nortje;
Nomvuyo;May;
Amod;Mabaso;
Fezile;Viviers;
Paxton;Olwagen;
Helena;Frolick;
Bradley;Gama;
Sean;Armogam;
Makalo;Mosala;
Tseliso;Ntsele;
Zoliswa;Ziqubu;
OudeRam;Walters;
Stacey;July;
Gift;Mbini;
Nikiwe;Masango;
Jac;Vearey;
Hughan;James;
Keegan;Mtimkulu;
Vanessa;Ndebele;
Keagan;Coovadia;
Melene;Reddy;
Cherise;Nyawose;
Dan;Chirwa;
Eva;Du Plooy;
Kgaugelo;Mwelase;
Zodwa;Gelant;
Gregory;Jongbloed;
Sofia;Lewis;
Ethan;Mqadi;
Lizelle;Ontong;
Kungawo;Maruping;
Arno;Fry;
Tansey;Duiker;
Tumisang;Hlabisa;
Luke;Mini;
Koos;Mhinga;
Khabane;Soyini;
Kabelo;Moodley;
Gary;Klerk;
Nwabisa;Opperman;
Zacharia;Edwards;
Vikash;Sibuyi;
Kholeka;Nzuza;
Elmarie;Tsotsobe;
Eleazar;Bester;
Refilwe;Barry;
Leslie;Jali;
Farid;Ntsako;
Nolu;Cebekhulu;
Othalive;Phakathi;
Luleka;Jackson;
Jeanette;Plaatjies;
Edmund;Vorster;
Natasha;Mkize;
Keabetswe;Daniels;
Nadine;Poopedi;
Okuhle;Moholo;
Rendani;Rambau;
Bonolo;Mabelane;
Rashid;Dubazana;
Kurt;Kolver;
Wayne;Vilakazi;
Lillian;Mkhonto;
Charlize;Shepherd;
Mpho;Nunes;
Veronica;Diale;
Faith;Leeuw;
Dali;Mofokeng;
Thenjiwe;Stewart;
Gilbert;Ndou;
Lena;Benade;
Chumani;Sibiya;
Sarel;Mvelase;
Valerie;Mdakane;
Yoliswa;Hall;
Allan;Rodgers;
Gavin;Kruger;
Dipalesa;Moloi;
Ata;Ngobeni;
Terence;Hajaig;
Marietjie;Luxon;
Boebie;Beukes;
Naomi;Brinkhuis;
Umar;Arendse;
Esihle;Mgemeza;
Rayno;Visser;
Celiwe;Mailula;
Kerefese;Pieterse;
Londiwe;Mjoli;
Mlungisi;Durandt;
Anton;Carr;
Bazil;Fienies;
Ronel;Kasongo;
Mashudu;Lebelo;
Blessing;Khunou;
Khaya;Marran;
Carla;Garda;
Simba;Mkhabela;
Eusebius;Mthethwa;
Remaketse;Mkhize;
Beauty;Ramaphosa;
Raesetja;Timol;
Jimmy;Phukuntsi;
Basil;Dowry;
Alwande;Goliath;
Kgabo;Solomons;
Nozuko;Schoeman;
Salome;March;
Jerry;Mojapelo;
Samson;Gwala;
Kgotso;Selebi;
Keenan;Abery;
Buti;Pitso;
Melisizwe;Meintjes;
Bokamoso;Semenya;
Anil;Jhaveri;
Takalani;Moabi;
Modjadji;Sono;
Thamsanqa;Zulu;
Thuto;Mnisi;
Funeka;Malgas;
Lukas;Mphuthi;
Ntokozo;Mooketsi;
Tsepo;Omar;
Priscilla;Sokhela;
Debra;Ngomane;
Lenka;Ntsimango;
Lukhanyo;Khwela;
Muhsin;Twala;
Thandeka;Kyle;
Tiphany;Saal;
Nosipho;Poole;
Vuyelwa;Blose;
Aadil;Rasool;
Welcome;Sihlangu;
Kandyse;Chaaban;
Vuyani;Adonis;
Arun;Pule;
Cara;Mkhwanazi;
Joy;Coetzee;
Asanda;Mnguni;
Alex;Perumal;
Sive;Lesch;
Setjhaba;Mthabela;
Anita;Links;
Ruzaigh;Mvubu;
Nomawethu;Mathebula;
Abbubaker;Wessels;
Junior;Dube;
Mustapha;Yende;
Bryce;Potgieter;
Myrtle;Kailand;
Lemohang;Luthuli;
Ethel;Dlamini;
Jerome;Kok;
Bafana;Mouton;
Kutloano;Ibrahim;
Romano;La Guma;
Songezo;Moeti;
Sechaba;Dwyer;
Irshaad;Barends;
Joshua;Mnyandu;
Dale;Noble;
Vusumuzi;Tshaka;
Trevor;Joubert;
Siyabonga;Nkabinde;
Lucy;Mabuza;
Magrieta;De Swart;
Leauoa;Mulder;
Dorah;Thwala;
Razia;Leshaba;
Monwabisi;Maepa;
Loyiso;Mmodise;
Hazel;Kat;
Leano;Teffo;
Chipo;Kgatla;
Ruan;Mobara;
Mbalenhle;Mdletshe;
Kai;Windvogel;
Ava;Mbuyazi;
Busisiwe;Ramsden;
Aziz;Farrell;
Zelda;Hlungwani;
Rutendo;Myeza;
Arabang;Bailey;
Kate;Legodi;
Elize;Sosibo;
Aletta;Witbooi;
Pearl;Kibuuka;
Zane;Bonke;
Archie;Stoltz;
Rudzani;Oliphant;
Keneiloe;Arries;
Sergio;Mthombeni;
Devan;Bok;
Glen;Malherbe;
Malika;Baloyi;
Athi;Kabini;
Ronald;Brown;
Edries;Vosloo;
Tawanda;Mdluli;
Gideon;Majola;
Rishi;Habana;
Mokgadi;Skhosana;
Badih;McGluwa;
Isabelle;Mmusi;
Dikgang;Mlaba;
Ferlon;Singh;
Violet;Jordaan;
Shirley;Ndimande;
Samantha;Els;
Fayeeza;Dolly;
Hope;Jenkins;
Isak;Vlok;
Lepolesa;Zweni;
Thoriso;Retief;
Aston;Sobukwe;
Nelisiwe;Seedat;
Louise;Mixon;
Olwethu;Gumbi;
Lionel;Fraser;
Likuwe;Quansah;
Ameen;Plessis;
Rodney;Lakay;
Luphawu;Mzimba;
Nyasha;Mpungose;
Fabian;Hlela;
Phahamo;Maake;
Mduduzi;Moela;
Elijah;Visagie;
Adele;Madiba;
Lazarus;Nelson;
Thalente;Booysen;
Jabulani;Xulu;
Reeza;Blaauw;
Anna;Waterboer;
Nceba;Ratau;
Babalwa;Langa;
Dimpho;Qunta;
Stefan;Morgan;
Kenneth;Gibbs;
Bukelwa;Damane;
Kanyisa;Asmal;
Lunje;Roberts;
Veliswa;Teixeira;
Rudolph;Nene;
Happiness;Anderson;
Mildred;Ndabeni;
Martha;Vermaak;
Dereleen;Nieuwoudt;
Zimkhitha;Gwebu;
Pamela;Spies;
Deborah;Vally;
Julia;Ndlazi;
Tyren;Butler;
Nomusa;Manuel;
Amogelang;Nonyane;
Tsietsi;Bantam;
Abu;Cressy;
Maya;Sangweni;
Joan;Landsman;
Cheslin;Kayster;
Nontokozo;Aphane;
Sakhile;Mabona;
Octavia;Miya;
Karen;Roos;
Lekgotla;Sampson;
Pumla;Odendaal;
Pheko;Botha;
Kgosi;Matthee;
Jayden;Rose;
Gio;Uduike;
Nonhle;Mazibuko;
Nomzamo;Sincadu;
Leoatle;Mokoena;
Seipati;Nzimande;
Sesi;Mntambo;
Lufuno;Bekker;
Kermit;Swanepoel;
Irvin;Viljoen;
Tsebo;Msweli;
Wesley;Tom;
Devika;Jama;
Ayabonga;Wepener;
Rosina;Thili;
Sherene;Masombuka;
Kamogelo;Carolus;
Lea;Meiring;
Reyaad;Kimathi;
Jeff;Nxumalo;
Quinton;Sisulu;
Lumka;Mukwevho;
Oupa;Amsterdam;
Delron;Monyela;
Lettie;Ngwenyama;
Mirriam;Myburgh;
Minah;Dreyer;
Vusi;Nyandeni;
Faeeza;Knetter;
Thozama;Kubayi;
Wendy;Gina;
Susanna;Nkuna;
Faiez;Sithole;
Rudi;Rajkoomar;
Gerhard;Venter;
Grace;Bam;
Marlene;Lerole;
Khethiwe;Loubser;
Vuyisile;Manqele;
Lauren;Ekron;
Derick;Head;
Zackie;Taaibosch;
Eugene;Kgomo;
Muzi;Magoro;
Ashraf;Ximba;
Ayesha;Rampaul;
Clementia;Reeves;
Sophia;Dyantyi;
Omogolo;Jooste;
Nasief;Carelse;
Esther;Miller;
Selina;Baron;
Lineo;Makwetu;
Jonathan;King;
Linathi;June;
Braam;Melker;
Neo;Mfeka;
Estelle;Morris;
Elani;Poswa;
Joyce;Mangope;
Jannie;Mncwabe;
Victoria;Murton;
Oagile;Freeman;
Thuli;Ngwane;
Oarabile;Carstens;
Barbara;Mbeki;
Bright;Manyoni;
Fundiswa;Salie;
Fumane;Van Blerk;
Stella;Bains;
Abe;Gysman;
Desery;Klaas;
Nqobile;Sam;
Cagney;Khoza;
Aiden;Chuene;
Mbulelo;Pascal;
Nathi;Tutu;
Lebogang;Modise;
Dumazile;Zwane;
Virgill;Piedt;
Zia;Ntsoane;
Nkanyezi;Motlanthe;
Desmond;Eksteen;
Zintle;Kumalo;
Cyril;Harmse;
Amy;Josephs;
Magezi;Magubane;
Zulaikha;Ngcuka;
Duduzile;Buthelezi;
Eddie;Mmola;
Lerato;Mabizela;
Siphokazi;De Vries;
Enock;Mohamed;
Reuben;Komphela;
Gail;Zakwe;
Nolwazi;Aplon;
Ghaleb;Goud;
Rachel;Yusuf;
Deon;Nxele;
Nicholas;Mhlongo;
Essop;Kleinhans;
Patricia;Nhlapho;
Kelly;Walker;
Reaboka;Pillay;
Russell;Letesha;
Craig;Sekgobela;
Stanley;Papier;
Zamile;Moeketsi;
Nditsheni;Shezi;
Elarna;Claasen;
Thelma;Koen;
Regina;Small;
Khauhelo;Titus;
Pulane;Dhladhla;
Given;Cruywagen;
Lance;Le Grange;
Keesha;Jiyane;
